[{"tanggal":"13 Jan 2023","jam":"17:13:25","error":{},"user":"6288210693144@s.whatsapp.net"},{"tanggal":"13 Jan 2023","jam":"17:13:49","error":{},"user":"6288210693144@s.whatsapp.net"},{"tanggal":"13 Jan 2023","jam":"17:47:38","error":{},"user":"6288210693144@s.whatsapp.net"},{"tanggal":"14 Jan 2023","jam":"20:25:32","error":{},"user":"6285806240904@s.whatsapp.net"},{"tanggal":"14 Jan 2023","jam":"20:25:34","error":{},"user":"6285806240904@s.whatsapp.net"},{"tanggal":"14 Jan 2023","jam":"20:25:38","error":{},"user":"6285806240904@s.whatsapp.net"},{"tanggal":"14 Jan 2023","jam":"20:25:40","error":{},"user":"6285806240904@s.whatsapp.net"},{"tanggal":"14 Jan 2023","jam":"20:25:42","error":{},"user":"6285806240904@s.whatsapp.net"},{"tanggal":"14 Jan 2023","jam":"20:25:44","error":{},"user":"6285806240904@s.whatsapp.net"},{"tanggal":"14 Jan 2023","jam":"20:26:20","error":{},"user":"6285806240904@s.whatsapp.net"},{"tanggal":"14 Jan 2023","jam":"20:30:27","error":{"errno":-2,"syscall":"open","code":"ENOENT","path":"./options/qris.jpg"},"user":"6285791220179@s.whatsapp.net"},{"tanggal":"16 Jan 2023","jam":"10:30:56","error":{},"user":"6281348608480@s.whatsapp.net"},{"tanggal":"16 Jan 2023","jam":"10:31:12","error":{},"user":"6281348608480@s.whatsapp.net"},{"tanggal":"16 Jan 2023","jam":"10:31:23","error":{},"user":"6281348608480@s.whatsapp.net"},{"tanggal":"22 Mei 2025","jam":"22:46:03","error":{"data":null,"isBoom":true,"isServer":false,"output":{"statusCode":428,"payload":{"statusCode":428,"error":"Precondition Required","message":"Connection Closed"},"headers":{}}},"user":"6285143569870:85@s.whatsapp.net"}]